{"cameraMode":{"drawMode":0,"name":"Shaded","section":"Shading Mode"},"sceneLighting":true,"audioPlay":false,"sceneViewState":{"showFog":true,"showMaterialUpdate":false,"showSkybox":true,"showFlares":true,"showImageEffects":true,"showParticleSystems":true},"in2DMode":false,"pivot":{"x":-51.11184310913086,"y":6.265364646911621,"z":528.589111328125},"rotation":{"x":-0.1512439101934433,"y":0.6527060270309448,"z":-0.13524116575717927,"w":-0.7299392223358154},"size":10.538052558898926,"orthographic":false}