{"cameraMode":{"drawMode":31,"name":"Sprite Mask","section":"Miscellaneous"},"sceneLighting":true,"audioPlay":false,"sceneViewState":{"showFog":false,"showMaterialUpdate":false,"showSkybox":false,"showFlares":false,"showImageEffects":false,"showParticleSystems":false},"in2DMode":false,"pivot":{"x":-54.84869384765625,"y":2.650299072265625,"z":518.8390502929688},"rotation":{"x":0.1730470210313797,"y":-0.13105930387973786,"z":0.023240070790052415,"w":0.9758787751197815},"size":13.450455665588379,"orthographic":false}